date,category,score
2026-01-01,Arrays,0.0
2026-01-01,Backtracking,0.0
2026-01-01,BFS / DFS,0.0
2026-01-01,Binary Search,0.0
2026-01-01,Bit Manipulation,0.0
2026-01-01,BST,0.0
2026-01-01,Design,0.0
2026-01-01,Dynamic Programming,0.0
2026-01-01,Graphs,0.0
2026-01-01,Greedy,0.0
2026-01-01,Hashing,0.0
2026-01-01,Heaps / Priority Queue,0.0
2026-01-01,Linked List,0.0
2026-01-01,Math,0.0
2026-01-01,Prefix / Running Sum,0.0
2026-01-01,Recursion,0.0
2026-01-01,Sliding Window,0.0
2026-01-01,Sorting,0.0
2026-01-01,Stack / Queue,0.0
2026-01-01,Strings,0.0
2026-01-01,Topological Sort,0.0
2026-01-01,Trees,0.0
2026-01-01,Two Pointers,0.0
2026-01-01,Union Find,0.0